Timestamp,Event_Type,Score,Pitch,Yaw,Roll,EAR,Severity
2026-01-23 16:17:01,NORMAL,100.00,-177.30,24.58,0.93,0.2861,LOW
2026-01-23 16:17:02,NORMAL,100.00,179.09,19.31,0.77,0.1330,LOW
2026-01-23 16:17:02,DROWSY,95.00,179.81,18.88,0.82,0.1499,LOW
2026-01-23 16:17:02,NORMAL,0.50,-178.57,21.02,0.36,0.2157,CRITICAL
2026-01-23 16:17:03,NORMAL,1.50,-178.37,20.87,-0.01,0.2382,CRITICAL
2026-01-23 16:17:04,NORMAL,16.50,-176.42,18.84,-5.49,0.2869,CRITICAL
2026-01-23 16:17:05,NORMAL,31.50,N/A,N/A,N/A,0.0000,HIGH
2026-01-23 16:17:06,NORMAL,46.50,-176.24,22.51,-7.90,0.3419,HIGH
2026-01-23 16:17:07,NORMAL,61.50,-141.08,18.88,-173.24,0.2351,MEDIUM
2026-01-23 16:17:08,NORMAL,76.50,-179.07,12.53,-9.77,0.3164,LOW
2026-01-23 16:17:08,DISTRACTED,81.50,156.56,-60.95,-160.15,0.1612,LOW
2026-01-23 16:17:08,NORMAL,79.00,169.21,-29.74,12.55,0.1842,LOW
2026-01-23 16:17:08,DISTRACTED,76.00,156.20,-64.21,-158.16,0.1940,LOW
2026-01-23 16:17:08,NORMAL,73.50,168.41,-29.88,14.45,0.2129,LOW
2026-01-23 16:17:08,DISTRACTED,70.50,154.54,-65.93,-154.87,0.2214,LOW
2026-01-23 16:17:09,DISTRACTED,49.50,159.26,-64.77,-156.41,0.2675,HIGH
2026-01-23 16:17:09,NORMAL,32.00,169.29,-26.35,15.97,0.2756,HIGH
2026-01-23 16:17:10,NORMAL,43.50,176.18,27.49,-10.63,0.2370,HIGH
2026-01-23 16:17:11,NORMAL,58.50,175.58,34.73,-10.32,0.2719,MEDIUM
2026-01-23 16:17:12,NORMAL,73.50,-174.49,29.50,-6.13,0.2763,LOW
2026-01-23 16:17:13,NORMAL,88.50,-172.32,27.89,-4.32,0.2817,LOW
2026-01-23 16:17:14,NORMAL,100.00,-171.54,23.00,-3.37,0.2871,LOW
2026-01-23 16:17:16,NORMAL,100.00,-172.69,-10.62,0.08,0.3187,LOW
2026-01-23 16:17:17,NORMAL,100.00,-177.58,-10.50,5.18,0.2411,LOW
2026-01-23 16:17:19,NORMAL,100.00,-173.79,17.15,-3.37,0.2174,LOW
2026-01-23 16:17:21,NORMAL,100.00,-178.36,-4.80,0.30,0.1418,LOW
2026-01-23 16:17:21,DROWSY,95.00,-177.29,-5.71,1.05,0.1787,LOW
2026-01-23 16:17:21,NORMAL,85.50,-176.04,-7.25,-0.14,0.2160,LOW
2026-01-23 16:17:22,NORMAL,96.00,-177.10,-10.84,-4.90,0.2863,LOW
2026-01-23 16:17:24,NORMAL,100.00,-175.63,20.10,-7.70,0.2824,LOW
2026-01-23 16:17:26,NORMAL,100.00,179.19,25.97,-8.59,0.3241,LOW
2026-01-23 16:17:28,NORMAL,100.00,179.74,24.35,-7.56,0.2770,LOW
2026-01-23 16:17:30,NORMAL,100.00,-179.54,22.91,-8.20,0.2629,LOW
2026-01-23 16:17:31,NORMAL,100.00,-178.24,13.94,-3.59,0.2674,LOW
2026-01-23 16:17:33,NORMAL,100.00,178.97,0.00,0.53,0.2366,LOW
2026-01-23 16:17:35,NORMAL,100.00,178.45,-6.21,-2.56,0.2537,LOW
2026-01-23 16:17:37,NORMAL,100.00,177.66,-15.08,-3.50,0.3314,LOW
2026-01-23 16:17:39,NORMAL,100.00,-178.33,12.45,-6.57,0.3034,LOW
2026-01-23 16:17:41,NORMAL,100.00,179.28,27.43,-7.65,0.2783,LOW
2026-01-23 16:17:42,NORMAL,100.00,178.26,33.14,-7.79,0.2879,LOW
2026-01-23 16:24:10,NORMAL,100.00,177.89,25.02,-7.71,0.3018,LOW
2026-01-23 16:24:11,NORMAL,100.00,178.98,27.84,-6.52,0.2837,LOW
2026-01-23 16:24:12,NORMAL,100.00,179.64,27.58,-5.70,0.3073,LOW
2026-01-23 16:24:14,NORMAL,100.00,177.65,29.04,-5.32,0.2935,LOW
2026-01-23 16:24:15,DROWSY,95.00,175.39,27.83,-5.89,0.1523,LOW
2026-01-23 16:24:15,DROWSY,85.00,175.25,27.53,-5.96,0.1729,LOW
2026-01-23 16:24:16,NORMAL,15.50,176.49,27.20,-5.92,0.2117,CRITICAL
2026-01-23 16:24:16,NORMAL,23.00,177.39,25.11,-5.76,0.2742,CRITICAL
2026-01-23 16:24:18,NORMAL,38.00,-174.38,12.00,-4.01,0.2694,HIGH
2026-01-23 16:24:19,NORMAL,53.00,-171.35,14.76,-5.50,0.2816,MEDIUM
2026-01-23 16:24:20,DROWSY,60.00,-172.71,19.08,-10.24,0.1047,MEDIUM
2026-01-23 16:24:20,DROWSY,35.00,-172.40,18.44,-9.75,0.1761,HIGH
2026-01-23 16:24:20,NORMAL,25.50,-172.31,18.37,-9.85,0.2211,CRITICAL
2026-01-23 16:24:21,NORMAL,39.00,N/A,N/A,N/A,0.0000,HIGH
2026-01-23 16:24:23,NORMAL,54.00,-165.72,24.57,-8.88,0.3382,MEDIUM
2026-01-23 16:24:24,NORMAL,69.00,-147.99,30.74,174.04,0.3055,MEDIUM
2026-01-23 16:24:25,NORMAL,84.00,N/A,N/A,N/A,0.0000,LOW
2026-01-23 16:24:26,NORMAL,99.00,-153.52,26.85,178.68,0.3544,LOW
2026-01-23 16:24:27,DISTRACTED,97.00,151.76,-60.72,-164.89,0.2169,LOW
2026-01-23 16:24:27,DISTRACTED,64.00,141.48,-65.75,-151.23,0.2775,MEDIUM
2026-01-23 16:24:28,NORMAL,58.50,169.60,-35.14,7.37,0.3154,MEDIUM
2026-01-23 16:24:29,DISTRACTED,65.00,172.85,60.35,173.74,0.2787,MEDIUM
2026-01-23 16:24:29,NORMAL,65.50,-172.80,21.43,178.48,0.2919,MEDIUM
2026-01-23 16:24:29,DISTRACTED,62.50,144.51,-72.79,4.71,0.3095,MEDIUM
2026-01-23 16:24:29,NORMAL,54.00,-169.23,8.95,0.20,0.3901,MEDIUM
2026-01-23 16:24:29,NORMAL,54.50,-169.23,8.95,0.20,0.4091,MEDIUM
2026-01-23 16:24:29,DISTRACTED,52.00,175.18,72.03,171.86,0.4583,MEDIUM
2026-01-23 16:24:29,NORMAL,52.50,-173.76,50.11,-1.26,0.4790,MEDIUM
2026-01-23 16:24:29,DISTRACTED,49.50,145.69,-73.19,-6.27,0.4983,HIGH
2026-01-23 16:24:29,NORMAL,41.00,-173.70,46.78,-2.16,0.5500,HIGH
2026-01-23 16:24:29,DISTRACTED,38.50,145.76,-73.06,5.72,0.5536,HIGH
2026-01-23 16:24:29,NORMAL,36.00,177.55,35.03,175.89,0.5489,HIGH
2026-01-23 16:24:29,DISTRACTED,33.00,178.79,62.25,174.85,0.5397,HIGH
2026-01-23 16:24:30,NORMAL,30.50,179.47,57.92,175.48,0.5196,HIGH
2026-01-23 16:24:30,NORMAL,38.00,-168.75,19.91,-2.31,0.3200,HIGH
2026-01-23 16:24:32,NORMAL,53.00,N/A,N/A,N/A,0.0000,MEDIUM
2026-01-23 16:24:33,NORMAL,68.00,-167.83,20.76,-5.09,0.3156,MEDIUM
2026-01-23 16:24:34,NORMAL,83.00,N/A,N/A,N/A,0.0000,LOW
2026-01-23 16:24:35,NORMAL,98.00,-173.81,20.29,-6.76,0.3106,LOW
2026-01-23 16:24:36,NORMAL,100.00,-166.48,-21.65,0.06,0.1616,LOW
2026-01-23 16:24:37,DROWSY,95.00,-159.35,-17.35,-4.93,0.1878,LOW
2026-01-23 16:24:37,NORMAL,90.50,-158.62,-16.11,-6.27,0.2182,LOW
2026-01-23 16:24:38,NORMAL,100.00,-159.30,9.12,-4.34,0.3018,LOW
2026-01-23 16:24:39,NORMAL,100.00,-175.32,11.57,-3.17,0.1973,LOW
2026-01-23 16:24:39,DROWSY,95.00,-177.14,14.80,-3.89,0.2091,LOW
2026-01-23 16:24:39,NORMAL,95.50,-178.24,14.88,-4.38,0.2133,LOW
2026-01-23 16:24:40,DROWSY,95.00,179.68,12.83,-4.73,0.1378,LOW
2026-01-23 16:24:40,DROWSY,55.00,178.52,12.13,-5.35,0.1481,MEDIUM
2026-01-23 16:24:41,NORMAL,0.50,-174.67,17.45,-4.33,0.2159,CRITICAL
2026-01-23 16:24:42,NORMAL,8.50,177.72,19.54,-6.30,0.1990,CRITICAL
2026-01-23 16:24:42,DROWSY,10.00,166.69,7.65,-7.71,0.1996,CRITICAL
2026-01-23 16:24:43,DROWSY,0.00,163.25,7.24,-7.09,0.1651,CRITICAL
2026-01-23 16:24:44,NORMAL,0.50,-172.95,2.23,-1.20,0.2126,CRITICAL
2026-01-23 16:24:44,NORMAL,3.50,-171.00,2.47,-1.47,0.2390,CRITICAL
2026-01-23 16:24:46,NORMAL,18.50,-167.55,16.85,-2.87,0.3010,CRITICAL
2026-01-23 16:24:47,DROWSY,26.00,-172.98,0.81,-0.97,0.2048,CRITICAL
2026-01-23 16:24:47,NORMAL,16.50,-172.79,1.05,-0.81,0.2117,CRITICAL
2026-01-23 16:24:47,NORMAL,17.00,-173.09,3.49,-1.26,0.2151,CRITICAL
2026-01-23 16:24:48,NORMAL,32.00,-168.75,5.53,-5.55,0.2934,HIGH
2026-01-23 16:24:50,NORMAL,47.00,-167.72,5.39,-5.98,0.3050,HIGH
2026-01-23 16:24:51,NORMAL,62.00,-166.15,-0.16,-5.90,0.3028,MEDIUM
2026-01-23 16:24:52,NORMAL,77.00,-170.38,2.62,-8.27,0.3076,LOW
2026-01-23 16:24:54,NORMAL,92.00,-174.37,9.76,-11.53,0.2842,LOW
2026-01-23 16:24:55,NORMAL,100.00,-173.86,-3.05,-9.26,0.3024,LOW
2026-01-23 16:24:56,NORMAL,100.00,-176.61,15.21,-13.70,0.2198,LOW
2026-01-23 16:35:52,NORMAL,100.00,-176.96,-38.41,16.10,0.2225,LOW
2026-01-23 16:35:53,NORMAL,100.00,-178.50,-41.96,17.92,0.2657,LOW
2026-01-23 16:35:54,NORMAL,100.00,-171.97,-25.41,18.10,0.3256,LOW
2026-01-23 16:35:56,NORMAL,100.00,-171.66,-6.94,9.46,0.2486,LOW
2026-01-23 16:35:57,NORMAL,100.00,-168.81,4.46,7.39,0.3127,LOW
2026-01-23 16:35:58,NORMAL,100.00,177.65,-22.85,17.10,0.2721,LOW
2026-01-23 16:36:00,NORMAL,100.00,N/A,N/A,N/A,0.0000,LOW
2026-01-23 16:36:01,DROWSY,95.00,172.42,-24.71,21.72,0.1799,LOW
2026-01-23 16:36:01,DROWSY,90.00,173.38,-27.43,22.71,0.1858,LOW
2026-01-23 16:36:02,NORMAL,0.50,168.07,-27.25,31.47,0.2207,CRITICAL
2026-01-23 16:36:02,NORMAL,5.50,167.09,-28.21,31.24,0.2912,CRITICAL
2026-01-23 16:36:03,NORMAL,20.50,163.94,-0.78,9.41,0.2896,CRITICAL
2026-01-23 16:36:04,NORMAL,35.50,N/A,N/A,N/A,0.0000,HIGH
2026-01-23 16:36:05,NORMAL,50.50,N/A,N/A,N/A,0.0000,MEDIUM
2026-01-23 16:36:06,DISTRACTED,50.00,-163.23,60.88,-4.44,0.2807,HIGH
2026-01-23 16:36:06,NORMAL,47.50,N/A,N/A,N/A,0.0000,HIGH
2026-01-23 16:36:06,NORMAL,58.50,N/A,N/A,N/A,0.0000,MEDIUM
2026-01-23 16:36:07,DISTRACTED,66.50,170.67,69.15,-22.38,0.3106,MEDIUM
2026-01-23 16:36:07,NORMAL,61.00,-99.60,1.38,-9.06,0.2910,MEDIUM
2026-01-23 16:36:08,NORMAL,63.00,175.00,20.58,-8.11,0.2559,MEDIUM
2026-01-23 16:36:09,NORMAL,78.00,178.50,9.36,-6.67,0.3220,LOW
2026-01-23 16:36:10,NORMAL,93.00,-179.75,4.89,-7.20,0.1102,LOW
2026-01-23 16:36:11,DROWSY,91.00,-179.42,5.63,-7.37,0.1058,LOW
2026-01-23 16:36:12,DROWSY,0.00,-175.45,24.00,-6.10,0.1640,CRITICAL
2026-01-23 16:36:12,NORMAL,0.50,-176.41,28.13,-6.89,0.2104,CRITICAL
2026-01-23 16:36:13,NORMAL,14.00,179.34,35.58,-13.32,0.2322,CRITICAL
2026-01-23 16:36:13,DISTRACTED,15.00,168.08,60.84,-19.04,0.3375,CRITICAL
2026-01-23 16:36:13,NORMAL,15.50,146.55,59.00,142.70,0.3642,CRITICAL
2026-01-23 16:36:14,NORMAL,25.50,N/A,N/A,N/A,0.0000,CRITICAL
2026-01-23 16:36:15,NORMAL,40.50,N/A,N/A,N/A,0.0000,HIGH
2026-01-23 16:36:16,NORMAL,55.50,N/A,N/A,N/A,0.0000,MEDIUM
2026-01-23 16:36:17,NORMAL,70.50,137.02,50.34,142.71,0.4207,LOW
2026-01-23 16:36:19,NORMAL,85.50,177.30,46.76,-11.82,0.2842,LOW
2026-01-23 16:36:20,DISTRACTED,94.50,-179.45,79.19,-5.19,0.3658,LOW
2026-01-23 16:36:20,NORMAL,95.00,N/A,N/A,N/A,0.0000,LOW
2026-01-23 16:36:20,NORMAL,97.00,N/A,N/A,N/A,0.0000,LOW
2026-01-23 16:36:20,DISTRACTED,97.00,164.13,62.31,-19.01,0.3971,LOW
2026-01-23 16:36:20,NORMAL,97.50,165.44,54.19,-17.14,0.3865,LOW
2026-01-23 16:36:21,DISTRACTED,97.00,158.95,63.61,-33.89,0.2822,LOW
2026-01-23 16:36:21,DISTRACTED,94.00,158.95,63.61,-33.89,0.2947,LOW
2026-01-23 16:36:21,NORMAL,94.50,N/A,N/A,N/A,0.0000,LOW
2026-01-23 16:36:22,NORMAL,100.00,172.33,18.38,-14.31,0.2478,LOW
2026-01-23 16:36:23,DROWSY,95.00,158.29,10.97,-16.83,0.1830,LOW
2026-01-23 16:36:24,DROWSY,45.00,160.90,12.96,-15.77,0.1418,HIGH
2026-01-23 16:36:24,NORMAL,5.50,N/A,N/A,N/A,0.0000,CRITICAL
2026-01-23 16:36:25,NORMAL,16.00,N/A,N/A,N/A,0.0000,CRITICAL
2026-01-23 16:36:26,NORMAL,31.00,N/A,N/A,N/A,0.0000,HIGH
2026-01-23 16:36:26,DROWSY,29.50,164.31,-0.09,-20.36,0.1818,CRITICAL
2026-01-23 16:36:26,NORMAL,10.00,169.44,29.54,-12.46,0.2164,CRITICAL
2026-01-23 16:36:27,NORMAL,18.50,178.88,16.77,-9.49,0.2624,CRITICAL
2026-01-23 16:36:28,NORMAL,33.50,172.00,-43.50,-179.22,0.3394,HIGH
2026-01-23 16:36:30,NORMAL,48.50,-179.20,24.02,-9.75,0.3092,HIGH
2026-01-23 16:36:31,NORMAL,63.50,-173.22,7.26,-14.38,0.3245,MEDIUM
2026-01-23 16:36:32,NORMAL,78.50,-166.30,10.79,-11.66,0.2789,LOW
2026-01-23 16:36:34,DISTRACTED,90.00,175.09,64.03,-20.67,0.2779,LOW
2026-01-23 16:36:34,NORMAL,87.50,N/A,N/A,N/A,0.0000,LOW
2026-01-23 16:36:34,DISTRACTED,94.50,173.85,61.60,-12.99,0.3507,LOW
2026-01-23 16:36:34,NORMAL,92.00,-98.35,-0.13,-31.28,0.4003,LOW
2026-01-23 16:36:35,NORMAL,94.50,-140.44,-54.56,-34.60,0.4683,LOW
2026-01-23 16:36:35,DISTRACTED,91.50,-129.09,-62.56,-42.81,0.4799,LOW
2026-01-23 16:36:35,NORMAL,92.00,N/A,N/A,N/A,0.0000,LOW
2026-01-23 16:36:36,NORMAL,100.00,N/A,N/A,N/A,0.0000,LOW
2026-01-23 16:36:37,NORMAL,100.00,N/A,N/A,N/A,0.0000,LOW
2026-01-23 16:36:37,DISTRACTED,97.00,166.32,65.28,-13.90,0.4984,LOW
2026-01-23 16:36:37,NORMAL,91.50,-137.51,-56.63,-29.07,0.5765,LOW
2026-01-23 16:36:37,DISTRACTED,88.50,168.66,66.07,-9.72,0.5974,LOW
2026-01-23 16:36:37,NORMAL,86.00,N/A,N/A,N/A,0.0000,LOW
2026-01-23 16:36:38,NORMAL,97.00,N/A,N/A,N/A,0.0000,LOW
2026-01-23 16:36:39,NORMAL,100.00,N/A,N/A,N/A,0.0000,LOW
2026-01-23 16:36:40,NORMAL,100.00,N/A,N/A,N/A,0.0000,LOW
2026-01-23 16:36:41,NORMAL,100.00,N/A,N/A,N/A,0.0000,LOW
2026-01-23 16:36:42,DISTRACTED,97.00,146.89,71.28,-23.05,0.6437,LOW
2026-01-23 16:36:42,NORMAL,97.50,N/A,N/A,N/A,0.0000,LOW
2026-01-23 16:36:42,DISTRACTED,94.50,152.77,62.60,-19.65,0.6285,LOW
2026-01-23 16:36:42,NORMAL,83.00,170.46,58.05,-1.78,0.5364,LOW
2026-01-23 16:36:42,NORMAL,84.50,166.29,53.67,-2.25,0.4386,LOW
2026-01-23 16:36:43,DISTRACTED,90.50,146.18,72.86,-1.53,0.3240,LOW
2026-01-23 16:36:43,NORMAL,91.00,149.11,18.12,165.40,0.3233,LOW
2026-01-23 16:36:44,NORMAL,96.00,144.87,17.94,-148.37,0.3073,LOW
2026-01-23 16:36:45,DISTRACTED,97.00,-104.53,-84.82,-60.81,0.2746,LOW
2026-01-23 16:36:45,NORMAL,97.50,N/A,N/A,N/A,0.0000,LOW
2026-01-23 16:36:45,NORMAL,100.00,N/A,N/A,N/A,0.0000,LOW
2026-01-23 16:36:46,NORMAL,100.00,N/A,N/A,N/A,0.0000,LOW
2026-01-23 16:36:47,NORMAL,100.00,N/A,N/A,N/A,0.0000,LOW
2026-01-23 16:36:48,NORMAL,100.00,179.49,19.78,-5.59,0.3036,LOW
2026-01-23 16:36:49,DISTRACTED,97.00,-151.20,-68.63,-16.56,0.3420,LOW
2026-01-23 16:36:49,NORMAL,85.50,N/A,N/A,N/A,0.0000,LOW
2026-01-23 16:36:50,NORMAL,93.50,N/A,N/A,N/A,0.0000,LOW
2026-01-23 16:36:51,NORMAL,100.00,N/A,N/A,N/A,0.0000,LOW
2026-01-23 16:36:51,DISTRACTED,97.00,142.47,74.19,144.69,0.6265,LOW
2026-01-23 16:36:51,NORMAL,94.50,N/A,N/A,N/A,0.0000,LOW
2026-01-23 16:36:52,DISTRACTED,92.50,137.93,88.25,146.04,0.7089,LOW
2026-01-23 16:36:52,NORMAL,93.00,N/A,N/A,N/A,0.0000,LOW
2026-01-23 16:36:52,NORMAL,95.50,N/A,N/A,N/A,0.0000,LOW
2026-01-23 16:36:52,DISTRACTED,92.50,-147.65,-70.05,-14.89,0.7390,LOW
2026-01-23 16:36:52,NORMAL,90.00,158.56,55.39,161.63,0.7723,LOW
2026-01-23 16:36:53,NORMAL,100.00,178.48,16.76,-3.75,0.3194,LOW
2026-01-23 16:36:54,DISTRACTED,97.00,158.26,70.82,-21.66,0.3415,LOW
2026-01-23 16:36:54,NORMAL,76.50,-165.69,-52.25,-2.61,0.6586,LOW
2026-01-23 16:36:54,DISTRACTED,74.00,144.01,72.15,-9.00,0.7647,LOW
2026-01-23 16:36:54,DISTRACTED,71.00,139.23,74.00,-39.33,0.8046,LOW
2026-01-23 16:36:54,NORMAL,71.50,N/A,N/A,N/A,0.0000,LOW
2026-01-23 16:36:55,DISTRACTED,79.50,134.87,-60.76,94.28,0.7889,LOW
2026-01-23 16:36:55,NORMAL,77.00,N/A,N/A,N/A,0.0000,LOW
2026-01-23 16:36:56,NORMAL,79.00,N/A,N/A,N/A,0.0000,LOW
2026-01-23 16:36:56,DISTRACTED,81.50,160.86,61.07,-14.91,0.7436,LOW
2026-01-23 16:36:56,NORMAL,76.00,164.06,-0.25,7.44,0.7186,LOW
2026-01-23 16:36:57,DISTRACTED,76.50,144.88,-72.08,-22.67,0.5640,LOW
2026-01-23 16:36:57,NORMAL,74.00,169.28,24.94,-6.48,0.4745,LOW
2026-01-23 16:36:57,NORMAL,76.50,177.27,15.89,-0.51,0.4277,LOW
2026-01-23 18:53:52,NORMAL,100.00,-176.19,19.06,-5.41,0.2799,LOW
2026-01-23 18:53:54,DROWSY,95.00,179.47,17.66,-6.33,0.1598,LOW
2026-01-23 18:53:54,DROWSY,85.00,179.38,17.74,-6.46,0.1585,LOW
2026-01-23 18:53:55,NORMAL,0.50,-178.28,19.95,-6.05,0.2129,CRITICAL
2026-01-23 18:53:55,NORMAL,4.50,-177.08,20.37,-6.47,0.2750,CRITICAL
2026-01-23 18:53:56,NORMAL,19.50,-176.67,20.75,-8.16,0.1920,CRITICAL
2026-01-23 18:53:58,NORMAL,34.50,-176.59,20.83,-8.33,0.2741,HIGH
2026-01-23 18:53:59,NORMAL,49.50,-177.58,21.04,-8.22,0.2321,HIGH
2026-01-23 18:54:00,NORMAL,64.50,-175.43,21.96,-7.89,0.2230,MEDIUM
2026-01-23 18:54:02,NORMAL,79.50,175.70,26.58,-10.98,0.2315,LOW
2026-01-23 18:54:02,YAWNING,82.00,172.36,20.48,-10.35,0.2060,LOW
2026-01-23 18:54:03,YAWNING,42.00,173.00,21.08,-9.15,0.2301,HIGH
2026-01-23 18:54:03,NORMAL,34.50,176.08,24.26,-8.92,0.2261,HIGH
2026-01-23 18:54:05,NORMAL,47.00,-172.82,21.39,-6.89,0.2512,HIGH
2026-01-23 18:54:06,NORMAL,62.00,-176.66,23.27,-10.14,0.2008,MEDIUM
2026-01-23 18:54:07,DROWSY,63.00,-176.60,23.33,-10.24,0.1888,MEDIUM
2026-01-23 18:54:07,DROWSY,0.00,-177.83,23.07,-10.41,0.1800,CRITICAL
2026-01-23 18:54:08,NORMAL,0.50,-175.21,24.60,-9.12,0.2120,CRITICAL
2026-01-23 18:54:09,NORMAL,11.50,-170.48,23.61,-6.23,0.3066,CRITICAL
2026-01-23 18:54:10,DISTRACTED,21.50,-172.84,-62.43,164.89,0.2609,CRITICAL
2026-01-23 18:54:10,DISTRACTED,12.50,-170.84,-66.81,163.53,0.2918,CRITICAL
2026-01-23 18:54:11,NORMAL,0.50,74.98,52.96,-79.02,0.3560,CRITICAL
2026-01-23 18:54:11,DISTRACTED,0.00,133.64,74.43,-40.43,0.3590,CRITICAL
2026-01-23 18:54:11,NORMAL,0.50,-174.02,-28.02,-5.32,0.2991,CRITICAL
2026-01-23 18:54:12,NORMAL,4.00,-171.15,-6.36,-3.76,0.2429,CRITICAL
2026-01-23 18:54:12,DISTRACTED,6.00,-170.45,61.08,-176.22,0.2333,CRITICAL
2026-01-23 18:54:12,NORMAL,3.50,-170.54,47.01,3.85,0.2393,CRITICAL
2026-01-23 18:54:12,DISTRACTED,0.50,179.23,-61.13,4.42,0.2553,CRITICAL
2026-01-23 18:54:13,DISTRACTED,0.00,-23.84,-65.21,-176.48,1.1148,CRITICAL
2026-01-23 18:54:13,NORMAL,0.50,N/A,N/A,N/A,0.0000,CRITICAL
2026-01-23 18:54:14,NORMAL,15.00,-171.34,20.99,-3.73,0.2742,CRITICAL
2026-01-23 18:54:15,DROWSY,22.00,159.12,8.29,-3.48,0.1892,CRITICAL
2026-01-23 18:54:16,DROWSY,0.00,160.88,7.88,-4.32,0.1859,CRITICAL
2026-01-23 18:54:17,NORMAL,0.50,-167.67,18.34,-3.13,0.2179,CRITICAL
2026-01-23 18:54:17,NORMAL,3.00,-167.21,17.96,-3.04,0.2629,CRITICAL
2026-01-23 18:54:18,NORMAL,18.00,N/A,N/A,N/A,0.0000,CRITICAL
2026-01-23 18:54:19,NORMAL,33.00,N/A,N/A,N/A,0.0000,HIGH
2026-01-23 18:54:20,NORMAL,48.00,N/A,N/A,N/A,0.0000,HIGH
2026-01-23 18:54:21,NORMAL,63.00,N/A,N/A,N/A,0.0000,MEDIUM
2026-01-23 18:54:22,NORMAL,78.00,N/A,N/A,N/A,0.0000,LOW
2026-01-23 18:54:23,NORMAL,93.00,N/A,N/A,N/A,0.0000,LOW
2026-01-23 18:54:24,NORMAL,100.00,N/A,N/A,N/A,0.0000,LOW
2026-01-23 18:54:26,NORMAL,100.00,168.67,15.30,5.90,0.1758,LOW
2026-01-23 18:54:27,DROWSY,95.00,-177.74,10.76,-0.24,0.1474,LOW
2026-01-23 18:54:27,NORMAL,70.50,-177.47,12.28,-2.21,0.2127,LOW
2026-01-23 18:54:28,DROWSY,73.00,-177.67,15.41,-6.14,0.1610,LOW
2026-01-23 18:54:28,DROWSY,33.00,-171.72,-0.55,-0.59,0.1745,HIGH
2026-01-23 18:54:29,NORMAL,0.50,-172.01,-14.26,0.34,0.2217,CRITICAL
2026-01-23 18:54:30,NORMAL,7.00,-171.34,-21.91,-1.14,0.3103,CRITICAL
2026-01-23 18:54:31,NORMAL,22.00,-175.90,-11.33,-3.11,0.2502,CRITICAL
2026-03-11 01:57:10,NORMAL,100.00,N/A,N/A,N/A,0.0000,LOW
2026-03-11 01:57:11,NORMAL,100.00,N/A,N/A,N/A,0.0000,LOW
2026-03-11 01:57:12,NORMAL,100.00,N/A,N/A,N/A,0.0000,LOW
2026-03-11 01:57:13,NORMAL,100.00,N/A,N/A,N/A,0.0000,LOW
2026-03-11 01:57:14,NORMAL,100.00,N/A,N/A,N/A,0.0000,LOW
2026-03-11 01:57:15,NORMAL,100.00,N/A,N/A,N/A,0.0000,LOW
2026-03-11 01:57:16,NORMAL,100.00,N/A,N/A,N/A,0.0000,LOW
2026-03-11 01:57:17,NORMAL,100.00,N/A,N/A,N/A,0.0000,LOW
2026-03-11 01:57:18,NORMAL,100.00,N/A,N/A,N/A,0.0000,LOW
2026-03-11 01:57:19,NORMAL,100.00,N/A,N/A,N/A,0.0000,LOW
2026-03-11 01:57:20,NORMAL,100.00,N/A,N/A,N/A,0.0000,LOW
2026-03-11 01:57:21,NORMAL,100.00,N/A,N/A,N/A,0.0000,LOW
2026-03-11 01:57:22,NORMAL,100.00,N/A,N/A,N/A,0.0000,LOW
2026-03-11 01:57:23,NORMAL,100.00,N/A,N/A,N/A,0.0000,LOW
2026-03-11 01:57:24,NORMAL,100.00,N/A,N/A,N/A,0.0000,LOW
2026-03-11 01:57:25,NORMAL,100.00,N/A,N/A,N/A,0.0000,LOW
2026-03-11 01:57:26,NORMAL,100.00,N/A,N/A,N/A,0.0000,LOW
2026-03-11 01:57:27,NORMAL,100.00,N/A,N/A,N/A,0.0000,LOW
2026-03-11 01:57:28,NORMAL,100.00,N/A,N/A,N/A,0.0000,LOW
2026-03-11 01:57:29,NORMAL,100.00,N/A,N/A,N/A,0.0000,LOW
2026-03-11 01:57:30,NORMAL,100.00,N/A,N/A,N/A,0.0000,LOW
2026-03-11 01:57:31,NORMAL,100.00,N/A,N/A,N/A,0.0000,LOW
2026-03-11 01:57:32,NORMAL,100.00,N/A,N/A,N/A,0.0000,LOW
2026-03-11 01:57:33,NORMAL,100.00,N/A,N/A,N/A,0.0000,LOW
2026-03-11 01:57:34,NORMAL,100.00,N/A,N/A,N/A,0.0000,LOW
2026-03-11 01:57:35,NORMAL,100.00,N/A,N/A,N/A,0.0000,LOW
2026-03-11 01:57:36,NORMAL,100.00,N/A,N/A,N/A,0.0000,LOW
2026-03-11 01:57:37,NORMAL,100.00,N/A,N/A,N/A,0.0000,LOW
2026-03-11 01:57:38,NORMAL,100.00,N/A,N/A,N/A,0.0000,LOW
2026-03-11 01:57:39,NORMAL,100.00,N/A,N/A,N/A,0.0000,LOW
2026-03-11 01:57:40,NORMAL,100.00,N/A,N/A,N/A,0.0000,LOW
2026-03-11 01:57:41,NORMAL,100.00,N/A,N/A,N/A,0.0000,LOW
2026-03-11 01:57:42,DROWSY,95.00,164.40,-0.03,24.39,0.1900,LOW
2026-03-11 01:57:42,NORMAL,85.50,-167.50,0.58,9.91,0.2190,LOW
2026-03-11 01:57:43,NORMAL,87.00,-171.32,-18.19,3.26,0.2284,LOW
2026-03-11 01:57:43,DROWSY,91.00,-176.33,-9.51,-0.95,0.1287,LOW
2026-03-11 01:57:44,DROWSY,36.00,-177.38,-15.88,5.66,0.1126,HIGH
2026-03-11 01:57:46,DROWSY,0.00,-173.48,-13.67,7.58,0.1513,CRITICAL
2026-03-11 01:57:47,DROWSY,0.00,-172.59,-17.20,7.12,0.1840,CRITICAL
2026-03-11 01:57:49,DROWSY,0.00,-172.32,-9.10,6.63,0.1815,CRITICAL
2026-03-11 01:57:50,DROWSY,0.00,-169.34,-5.99,5.83,0.1510,CRITICAL
2026-03-11 01:57:51,DROWSY,0.00,-168.68,-8.75,2.87,0.1300,CRITICAL
2026-03-11 01:57:53,DROWSY,0.00,-168.76,-5.06,3.86,0.1662,CRITICAL
2026-03-11 01:57:55,DROWSY,0.00,-167.93,-6.99,4.05,0.1839,CRITICAL
2026-03-11 01:57:56,DROWSY,0.00,-168.48,-13.94,5.86,0.2015,CRITICAL
2026-03-11 01:57:56,NORMAL,0.50,-164.37,-7.18,4.11,0.2108,CRITICAL
2026-03-11 01:57:58,NORMAL,13.50,-161.99,-6.53,2.38,0.2187,CRITICAL
2026-03-11 01:57:59,DROWSY,17.50,-168.59,-6.80,-3.09,0.1915,CRITICAL
2026-03-11 01:57:59,NORMAL,0.50,-170.29,-13.91,-1.73,0.2119,CRITICAL
2026-03-11 01:57:59,NORMAL,1.50,-168.41,-13.05,-1.26,0.2107,CRITICAL
2026-03-11 01:58:00,DROWSY,5.00,-164.54,-4.60,1.67,0.1941,CRITICAL
2026-03-11 01:58:01,NORMAL,0.50,-165.57,-16.65,-12.40,0.2123,CRITICAL
2026-03-11 01:58:01,NORMAL,1.00,-167.74,-17.42,-12.29,0.2169,CRITICAL
2026-03-11 01:58:02,NORMAL,16.00,N/A,N/A,N/A,0.0000,CRITICAL
2026-03-11 01:58:04,DROWSY,25.50,-157.43,-23.85,161.08,0.1534,CRITICAL
2026-03-11 01:58:04,NORMAL,1.00,N/A,N/A,N/A,0.0000,CRITICAL
2026-03-11 01:58:04,DROWSY,0.00,-167.77,-22.57,-12.37,0.1795,CRITICAL
2026-03-11 01:58:04,NORMAL,0.50,-152.07,-19.55,160.51,0.2125,CRITICAL
2026-03-11 01:58:05,NORMAL,9.50,-168.04,-24.00,-12.96,0.2540,CRITICAL
2026-03-11 01:58:06,NORMAL,24.50,-174.07,-36.16,-3.52,0.2789,CRITICAL
2026-03-11 01:58:08,NORMAL,39.50,N/A,N/A,N/A,0.0000,HIGH
2026-03-11 01:58:09,DROWSY,47.50,-170.31,15.76,-10.75,0.1124,HIGH
2026-03-11 01:58:09,DROWSY,32.50,-168.79,16.26,-10.36,0.1150,HIGH
2026-03-11 01:58:11,DROWSY,0.00,-164.83,4.62,-7.79,0.1963,CRITICAL
2026-03-11 01:58:11,NORMAL,0.50,-162.99,5.53,-8.24,0.2143,CRITICAL
2026-03-11 01:58:12,DROWSY,6.00,-163.68,-9.32,-8.60,0.1687,CRITICAL
2026-03-11 01:58:12,DROWSY,0.00,-166.44,-7.27,-8.98,0.1662,CRITICAL
2026-03-11 01:58:14,DROWSY,0.00,-159.70,-4.50,-8.31,0.1791,CRITICAL
2026-03-11 01:58:14,NORMAL,0.50,-163.46,-7.94,-7.20,0.2101,CRITICAL
2026-03-11 01:58:15,NORMAL,11.00,-159.06,0.48,-8.66,0.2362,CRITICAL
2026-03-11 01:58:17,NORMAL,26.00,-163.47,7.27,-6.31,0.2340,CRITICAL
2026-03-11 01:58:18,NORMAL,41.00,-163.34,5.67,-4.47,0.1886,HIGH
2026-03-11 01:58:18,DROWSY,38.50,-162.65,10.68,-5.25,0.1950,HIGH
2026-03-11 01:58:19,DROWSY,0.00,-160.36,-5.28,-5.88,0.1803,CRITICAL
2026-03-11 01:58:20,NORMAL,0.50,-163.20,-5.39,-5.92,0.2127,CRITICAL
2026-03-11 01:58:21,NORMAL,8.50,-164.69,-8.62,-6.83,0.1920,CRITICAL
2026-03-11 01:58:21,DROWSY,8.00,-168.97,-7.08,-5.60,0.1746,CRITICAL
2026-03-11 01:58:22,DROWSY,0.00,-168.03,-8.43,-6.56,0.1632,CRITICAL
2026-03-11 01:58:24,DROWSY,0.00,-167.30,-7.37,-6.57,0.1826,CRITICAL
2026-03-11 01:58:25,DROWSY,0.00,-168.94,7.72,-8.22,0.1891,CRITICAL
2026-03-11 01:58:26,NORMAL,0.50,177.52,-4.27,-9.59,0.2189,CRITICAL
2026-03-11 01:58:27,NORMAL,5.00,163.69,-0.08,-17.03,0.2407,CRITICAL
2026-03-11 01:58:28,NORMAL,20.00,-177.47,-11.48,-3.77,0.2265,CRITICAL
2026-03-11 01:58:30,NORMAL,35.00,-177.78,-10.05,-5.02,0.2439,HIGH
2026-03-11 01:58:30,DROWSY,39.50,-174.17,-10.55,-7.45,0.1965,HIGH
2026-03-11 01:58:31,NORMAL,25.00,-171.08,-5.07,-6.68,0.2116,CRITICAL
2026-03-11 01:58:31,NORMAL,28.00,-172.17,-7.25,-6.83,0.2489,CRITICAL
2026-03-11 01:58:32,NORMAL,43.00,-178.24,-16.73,-2.16,0.2469,HIGH
2026-03-11 01:58:34,NORMAL,58.00,179.85,-8.26,-3.50,0.1433,MEDIUM
2026-03-11 01:58:34,DROWSY,56.00,-178.59,-10.79,-3.18,0.1373,MEDIUM
2026-03-11 01:58:34,NORMAL,16.50,179.62,-17.31,-2.76,0.2124,CRITICAL
2026-03-11 01:58:35,NORMAL,23.50,177.80,-15.81,-1.27,0.2528,CRITICAL
2026-03-11 01:58:36,DROWSY,30.00,179.69,-13.92,-1.11,0.1416,CRITICAL
2026-03-11 01:58:37,DROWSY,0.00,178.59,-13.74,-1.31,0.1881,CRITICAL
2026-03-11 01:58:37,NORMAL,0.50,177.96,-12.85,-1.04,0.2168,CRITICAL
2026-03-11 01:58:38,DISTRACTED,10.50,137.82,70.10,-65.41,0.3191,CRITICAL
2026-03-11 01:58:38,NORMAL,11.00,173.95,-53.03,-3.77,0.3427,CRITICAL
2026-03-11 01:58:39,DISTRACTED,10.00,134.73,71.48,-47.45,0.4505,CRITICAL
2026-03-11 01:58:39,NORMAL,0.50,163.66,0.65,2.39,0.5556,CRITICAL
2026-03-11 01:58:40,NORMAL,10.00,-178.55,23.37,-3.27,0.2965,CRITICAL
2026-03-11 01:58:42,NORMAL,25.00,177.12,7.73,-6.53,0.2767,CRITICAL
2026-03-11 01:58:42,DROWSY,29.00,176.25,-24.61,-7.32,0.1728,CRITICAL
2026-03-11 01:58:43,NORMAL,4.50,172.37,-26.30,-6.92,0.2130,CRITICAL
2026-03-11 01:58:43,NORMAL,7.00,171.33,-17.07,-5.97,0.2169,CRITICAL
2026-03-11 01:58:44,YAWNING,10.50,-172.42,21.64,178.74,0.1638,CRITICAL
2026-03-11 01:58:44,DROWSY,0.00,-176.31,-44.39,175.54,0.1689,CRITICAL
2026-03-11 01:58:44,DROWSY,0.00,172.79,-14.19,4.25,0.1426,CRITICAL
2026-03-11 01:58:45,NORMAL,0.50,176.56,-9.63,-4.38,0.2126,CRITICAL
2026-03-11 01:58:46,NORMAL,7.50,178.53,-6.29,-6.08,0.2739,CRITICAL
2026-03-11 01:58:47,NORMAL,22.50,177.02,-14.31,-7.11,0.2724,CRITICAL
2026-03-11 01:58:48,DISTRACTED,21.00,138.78,69.90,-44.43,0.2900,CRITICAL
2026-03-11 01:58:48,NORMAL,21.50,176.03,-9.91,-5.84,0.2916,CRITICAL
2026-03-11 01:58:49,NORMAL,34.00,176.87,22.69,-11.13,0.3161,HIGH
2026-03-11 02:02:33,DROWSY,95.00,173.61,10.97,-4.78,0.1822,LOW
2026-03-11 02:02:33,DROWSY,20.00,171.54,5.36,-3.42,0.1969,CRITICAL
2026-03-11 02:02:34,NORMAL,0.50,174.40,-2.63,-3.59,0.2103,CRITICAL
2026-03-11 02:02:35,DROWSY,5.50,170.09,-5.00,-5.50,0.1395,CRITICAL
2026-03-11 02:02:36,NORMAL,0.50,171.67,-0.36,-6.62,0.2151,CRITICAL
2026-03-11 02:02:36,NORMAL,8.50,-177.88,-9.31,-9.40,0.2439,CRITICAL
2026-03-11 02:02:38,NORMAL,23.50,176.60,-38.80,-0.50,0.3735,CRITICAL
2026-03-11 02:02:39,NORMAL,38.50,176.27,6.70,-4.75,0.2801,HIGH
2026-03-11 02:02:41,NORMAL,53.50,-178.45,6.53,-4.36,0.2008,MEDIUM
2026-03-11 02:02:42,DROWSY,55.00,-163.36,2.84,-0.78,0.1811,MEDIUM
2026-03-11 02:02:42,NORMAL,40.50,-164.19,1.77,-1.47,0.2194,HIGH
2026-03-11 02:02:43,NORMAL,46.50,-174.05,2.92,-4.89,0.2635,HIGH
2026-03-11 02:02:44,NORMAL,61.50,169.54,-6.30,-8.12,0.2546,MEDIUM
2026-03-11 02:02:46,NORMAL,76.50,N/A,N/A,N/A,0.0000,LOW
2026-03-11 02:02:47,NORMAL,91.50,N/A,N/A,N/A,0.0000,LOW
2026-03-11 02:02:48,NORMAL,100.00,N/A,N/A,N/A,0.0000,LOW
2026-03-11 02:02:48,DROWSY,95.00,163.68,-0.01,18.27,0.1832,LOW
2026-03-11 02:02:49,DROWSY,0.00,168.22,-10.49,-0.00,0.2035,CRITICAL
2026-03-11 02:02:50,NORMAL,0.50,170.44,-7.88,-0.64,0.2162,CRITICAL
2026-03-11 02:02:51,NORMAL,12.00,171.11,12.10,-8.15,0.2462,CRITICAL
2026-03-11 02:13:56,NORMAL,100.00,-177.66,-9.55,-7.78,0.2748,LOW
2026-03-11 02:13:57,NORMAL,100.00,-175.02,-6.61,0.47,0.2612,LOW
2026-03-11 02:13:59,NORMAL,100.00,-179.18,-2.01,-2.37,0.0899,LOW
2026-03-11 02:13:59,DROWSY,95.00,-178.75,-0.53,-3.21,0.0800,LOW
2026-03-11 02:14:00,DROWSY,0.00,178.96,-21.77,-3.94,0.1944,CRITICAL
2026-03-11 02:14:01,NORMAL,0.50,-179.12,-17.91,-4.14,0.2184,CRITICAL
2026-03-11 02:14:02,NORMAL,10.00,-177.31,-6.82,-3.68,0.2433,CRITICAL
2026-03-11 02:14:03,DISTRACTED,14.00,141.07,69.90,-91.45,0.2268,CRITICAL
2026-03-11 02:14:03,NORMAL,11.50,178.10,-44.09,-4.86,0.2319,CRITICAL
2026-03-11 02:14:03,DISTRACTED,10.00,-102.44,66.30,89.10,0.2826,CRITICAL
2026-03-11 02:14:03,NORMAL,10.50,-177.94,-48.70,-6.00,0.2943,CRITICAL
2026-03-11 02:14:03,DISTRACTED,10.00,-115.35,65.49,-12.92,0.3504,CRITICAL
2026-03-11 02:14:03,NORMAL,10.50,-176.29,-47.27,-7.32,0.3547,CRITICAL
2026-03-11 02:14:03,NORMAL,11.00,-176.29,-47.27,-7.32,0.3627,CRITICAL
2026-03-11 02:14:03,DISTRACTED,9.50,-113.49,65.66,19.95,0.3850,CRITICAL
2026-03-11 02:14:04,NORMAL,1.00,-176.63,-28.05,-1.44,0.3387,CRITICAL
2026-03-11 02:14:05,NORMAL,12.00,-174.44,36.56,3.76,0.2584,CRITICAL
2026-03-11 02:14:05,DISTRACTED,9.50,-174.88,60.10,-174.36,0.2601,CRITICAL
2026-03-11 02:14:05,NORMAL,4.00,N/A,N/A,N/A,0.0000,CRITICAL
2026-03-11 02:14:05,DISTRACTED,4.00,140.33,-71.61,45.35,0.2952,CRITICAL
2026-03-11 02:14:06,NORMAL,0.50,N/A,N/A,N/A,0.0000,CRITICAL
2026-03-11 02:14:06,NORMAL,8.00,-175.13,15.64,-2.32,0.2779,CRITICAL
2026-03-11 02:14:08,NORMAL,23.00,140.99,2.26,-2.19,0.1406,CRITICAL
2026-03-11 02:14:08,DROWSY,18.00,141.87,3.93,-2.24,0.1410,CRITICAL
2026-03-11 02:14:09,DROWSY,0.00,-179.24,-9.01,-4.70,0.2015,CRITICAL
2026-03-11 02:14:09,NORMAL,0.50,-177.08,-8.48,-3.79,0.2102,CRITICAL
2026-03-11 02:14:10,NORMAL,14.50,-154.73,2.01,-4.53,0.1845,CRITICAL
2026-03-11 02:14:12,NORMAL,29.50,-169.46,5.88,-3.32,0.3176,CRITICAL
2026-03-11 02:14:14,NORMAL,44.50,-168.97,-0.06,-5.12,0.1844,HIGH
2026-03-11 02:14:14,DROWSY,39.50,-168.97,-0.06,-5.12,0.1934,HIGH
2026-03-11 02:14:14,NORMAL,30.00,-177.72,-7.16,-5.25,0.2162,CRITICAL
2026-03-11 02:14:15,YAWNING,38.50,164.93,-6.32,-0.29,0.2017,HIGH
2026-03-11 02:14:15,YAWNING,30.50,165.81,-5.98,-0.24,0.1896,HIGH
2026-03-11 02:14:15,DROWSY,15.50,165.47,-7.69,1.00,0.1786,CRITICAL
2026-03-11 02:14:16,DROWSY,0.00,-174.18,-8.28,5.39,0.1840,CRITICAL
2026-03-11 02:14:17,NORMAL,0.50,-177.33,-10.49,6.58,0.2100,CRITICAL
2026-03-11 02:14:17,NORMAL,12.50,-177.80,9.35,-3.86,0.2662,CRITICAL
